1,Beading & Jewelry Making
2,Fabric Decorating
3,Knitting & Crochet Supplies
4,Printmaking Supplies
5,Scrapbooking & Stamping Supplies
6,Sewing Products
7,Craft & Hobby Fabric
8,Needlework Supplies
9,"Arts, Crafts & Sewing Storage"
10,"Painting, Drawing & Art Supplies"
11,Craft Supplies & Materials
12,Gift Wrapping Supplies
13,Party Decorations
14,Automotive Paint & Paint Supplies
15,Heavy Duty & Commercial Vehicle Equipment
16,Automotive Tires & Wheels
17,Automotive Tools & Equipment
18,Automotive Performance Parts & Accessories
19,Car Care
20,Oils & Fluids
21,Automotive Replacement Parts
22,"Lights, Bulbs & Indicators"
23,Automotive Interior Accessories
24,Automotive Exterior Accessories
25,Automotive Enthusiast Merchandise
26,Car Electronics & Accessories
27,RV Parts & Accessories
28,Motorcycle & Powersports
29,Baby Diapering Products
30,Baby & Toddler Feeding Supplies
31,Pregnancy & Maternity Products
32,Child Safety Car Seats & Accessories
33,Baby Safety Products
34,Toilet Training Products
35,Baby Care Products
36,Baby Travel Gear
38,Baby Activity & Entertainment Products
39,Baby Gifts
40,Baby Stationery
41,"Nursery Furniture, Bedding & DÃ©cor"
42,Baby
43,Baby Boys' Clothing & Shoes
44,Baby Strollers & Accessories
45,Beauty & Personal Care
46,Perfumes & Fragrances
47,Hair Care Products
48,Makeup
49,Skin Care Products
50,Beauty Tools & Accessories
51,"Foot, Hand & Nail Care Products"
52,Personal Care Products
53,Shaving & Hair Removal Products
54,Computer Servers
55,Data Storage
56,Computer Monitors
57,Computers & Tablets
58,Tablet Replacement Parts
60,Computer Networking
63,Computer Components
64,Tablet Accessories
65,Laptop Accessories
66,Computer External Components
68,Wearable Technology
69,Televisions & Video Products
70,GPS & Navigation
71,Headphones & Earbuds
72,Office Electronics
73,Portable Audio & Video
74,eBook Readers & Accessories
75,Cell Phones & Accessories
76,Accessories & Supplies
77,Video Projectors
78,Vehicle Electronics
79,Camera & Photo
80,Security & Surveillance Equipment
81,Computers
82,Home Audio & Theater Products
83,Video Game Consoles & Accessories
84,Boys' Clothing
87,Boys' Accessories
88,Boys' Jewelry
89,Boys' Watches
90,Boys' Shoes
91,Girls' Clothing
94,Girls' Accessories
95,Girls' Jewelry
96,Girls' Watches
97,Girls' Shoes
98,Girls' School Uniforms
99,Travel Duffel Bags
100,Messenger Bags
101,Travel Tote Bags
102,Garment Bags
103,Luggage Sets
104,Suitcases
105,Travel Accessories
106,Rain Umbrellas
107,Backpacks
108,Luggage
109,Laptop Bags
